Ambiente,Página,HTTP,URL EDS,Caminho Author
Preview,showcase/list-item-control,404,https://main--demo-to--jeffara.aem.page/showcase/list-item-control,/content/demo-to/showcase/list-item-control
Preview,showcase/list-item-general,404,https://main--demo-to--jeffara.aem.page/showcase/list-item-general,/content/demo-to/showcase/list-item-general
Preview,showcase/neutral-icon-button,404,https://main--demo-to--jeffara.aem.page/showcase/neutral-icon-button,/content/demo-to/showcase/neutral-icon-button
Preview,showcase/page-indicator,404,https://main--demo-to--jeffara.aem.page/showcase/page-indicator,/content/demo-to/showcase/page-indicator
Preview,showcase/payment-methods,404,https://main--demo-to--jeffara.aem.page/showcase/payment-methods,/content/demo-to/showcase/payment-methods
Preview,showcase/pin-code,404,https://main--demo-to--jeffara.aem.page/showcase/pin-code,/content/demo-to/showcase/pin-code
Preview,showcase/progress-bar,404,https://main--demo-to--jeffara.aem.page/showcase/progress-bar,/content/demo-to/showcase/progress-bar
Preview,showcase/progress-circle,404,https://main--demo-to--jeffara.aem.page/showcase/progress-circle,/content/demo-to/showcase/progress-circle
Preview,showcase/radio,404,https://main--demo-to--jeffara.aem.page/showcase/radio,/content/demo-to/showcase/radio
Preview,showcase/section-title,404,https://main--demo-to--jeffara.aem.page/showcase/section-title,/content/demo-to/showcase/section-title
Preview,showcase/section-subtitle,404,https://main--demo-to--jeffara.aem.page/showcase/section-subtitle,/content/demo-to/showcase/section-subtitle
Preview,showcase/segmented-control,404,https://main--demo-to--jeffara.aem.page/showcase/segmented-control,/content/demo-to/showcase/segmented-control
Preview,showcase/select,404,https://main--demo-to--jeffara.aem.page/showcase/select,/content/demo-to/showcase/select
Preview,showcase/spinner,404,https://main--demo-to--jeffara.aem.page/showcase/spinner,/content/demo-to/showcase/spinner
Preview,showcase/signal,404,https://main--demo-to--jeffara.aem.page/showcase/signal,/content/demo-to/showcase/signal
Preview,showcase/switch,404,https://main--demo-to--jeffara.aem.page/showcase/switch,/content/demo-to/showcase/switch
Preview,showcase/snackbar,404,https://main--demo-to--jeffara.aem.page/showcase/snackbar,/content/demo-to/showcase/snackbar
Preview,showcase/stepper,404,https://main--demo-to--jeffara.aem.page/showcase/stepper,/content/demo-to/showcase/stepper
Preview,showcase/tabs,404,https://main--demo-to--jeffara.aem.page/showcase/tabs,/content/demo-to/showcase/tabs
Preview,showcase/tag,404,https://main--demo-to--jeffara.aem.page/showcase/tag,/content/demo-to/showcase/tag
Preview,showcase/text,404,https://main--demo-to--jeffara.aem.page/showcase/text,/content/demo-to/showcase/text
Preview,showcase/text-area,404,https://main--demo-to--jeffara.aem.page/showcase/text-area,/content/demo-to/showcase/text-area
Preview,showcase/timeline,404,https://main--demo-to--jeffara.aem.page/showcase/timeline,/content/demo-to/showcase/timeline
Preview,showcase/widget,404,https://main--demo-to--jeffara.aem.page/showcase/widget,/content/demo-to/showcase/widget
Live,showcase/list-item-control,404,https://main--demo-to--jeffara.aem.live/showcase/list-item-control,/content/demo-to/showcase/list-item-control
Live,showcase/list-item-general,404,https://main--demo-to--jeffara.aem.live/showcase/list-item-general,/content/demo-to/showcase/list-item-general
Live,showcase/list-item-view,404,https://main--demo-to--jeffara.aem.live/showcase/list-item-view,/content/demo-to/showcase/list-item-view
Live,showcase/neutral-icon-button,404,https://main--demo-to--jeffara.aem.live/showcase/neutral-icon-button,/content/demo-to/showcase/neutral-icon-button
Live,showcase/page-indicator,404,https://main--demo-to--jeffara.aem.live/showcase/page-indicator,/content/demo-to/showcase/page-indicator
Live,showcase/payment-methods,404,https://main--demo-to--jeffara.aem.live/showcase/payment-methods,/content/demo-to/showcase/payment-methods
Live,showcase/pin-code,404,https://main--demo-to--jeffara.aem.live/showcase/pin-code,/content/demo-to/showcase/pin-code
Live,showcase/progress-bar,404,https://main--demo-to--jeffara.aem.live/showcase/progress-bar,/content/demo-to/showcase/progress-bar
Live,showcase/progress-circle,404,https://main--demo-to--jeffara.aem.live/showcase/progress-circle,/content/demo-to/showcase/progress-circle
Live,showcase/radio,404,https://main--demo-to--jeffara.aem.live/showcase/radio,/content/demo-to/showcase/radio
Live,showcase/section-title,404,https://main--demo-to--jeffara.aem.live/showcase/section-title,/content/demo-to/showcase/section-title
Live,showcase/section-subtitle,404,https://main--demo-to--jeffara.aem.live/showcase/section-subtitle,/content/demo-to/showcase/section-subtitle
Live,showcase/segmented-control,404,https://main--demo-to--jeffara.aem.live/showcase/segmented-control,/content/demo-to/showcase/segmented-control
Live,showcase/select,404,https://main--demo-to--jeffara.aem.live/showcase/select,/content/demo-to/showcase/select
Live,showcase/spinner,404,https://main--demo-to--jeffara.aem.live/showcase/spinner,/content/demo-to/showcase/spinner
Live,showcase/signal,404,https://main--demo-to--jeffara.aem.live/showcase/signal,/content/demo-to/showcase/signal
Live,showcase/switch,404,https://main--demo-to--jeffara.aem.live/showcase/switch,/content/demo-to/showcase/switch
Live,showcase/snackbar,404,https://main--demo-to--jeffara.aem.live/showcase/snackbar,/content/demo-to/showcase/snackbar
Live,showcase/stepper,404,https://main--demo-to--jeffara.aem.live/showcase/stepper,/content/demo-to/showcase/stepper
Live,showcase/tabs,404,https://main--demo-to--jeffara.aem.live/showcase/tabs,/content/demo-to/showcase/tabs
Live,showcase/tag,404,https://main--demo-to--jeffara.aem.live/showcase/tag,/content/demo-to/showcase/tag
Live,showcase/text,404,https://main--demo-to--jeffara.aem.live/showcase/text,/content/demo-to/showcase/text
Live,showcase/text-area,404,https://main--demo-to--jeffara.aem.live/showcase/text-area,/content/demo-to/showcase/text-area
Live,showcase/timeline,404,https://main--demo-to--jeffara.aem.live/showcase/timeline,/content/demo-to/showcase/timeline
Live,showcase/widget,404,https://main--demo-to--jeffara.aem.live/showcase/widget,/content/demo-to/showcase/widget
